{
  "RowNumber": -0.004661915966268427,
  "CreditScore": 0.15976369720992895,
  "Geography": -1.5210782976605355,
  "Gender": 0.04220858124364894,
  "Age": -0.0342391384444432,
  "Tenure": -4.6270471556775246e-07,
  "Balance": -0.6512960209841514,
  "NumOfProducts": -0.49227377805034694,
  "HasCrCard": -2.3112579824299075,
  "IsActiveMember": -1.6908425747841471e-06,
  "EstimatedSalary": 11.142235532098013,
  "Exited": 0.08519991881065135,
  "Complain": -0.24346650227887087,
  "Satisfaction Score": -0.0015390040190556395
}